,File Location,DOI,Title/Description,Date,Source Type,New or Key Facts,Difference from previous assessment,Magnitude of bias - (|forecasted value - updated value|/forecasted value) x 100%,Transformative Significance (# out 4),Worse?,Faster?,"Examples of broader implication (could do lots here, but going to give only 1 per entry as an example)",Independent Source Verification for 3/4s
,Atmosphere,https://www.reuters.com/business/energy/bezos-backed-methane-tracking-satellite-is-lost-space-2025-07-01/,Bezos-backed methane tracking satellite is lost in space,2025,News/Media,"Hole in atmospheric monitorring from satellite loss, especially about 40N",,,2,FALSE,FALSE,"Do you know where this satellite covered that the others often can't? The arctic circle. You know the ESAS and the 50+Gt sitting there. Oh well at least we have the NOAA/OAR sites…oh wait. 2028 we might get this fixed, but I wouldn't count on it (new satellite, not election)",
,Atmosphere,https://doi.org/10.1038/s43247-025-02527-3,East Asian aerosol cleanup has likely contributed to the recent acceleration in global warming,2025,Academic/Peer-reviewed,"8 CMIP6 ESMs (80 ensemble members) find East Asian 75% SO2 reduction since 2010 drove 0.07±0.05°C global warming, contributing 0.05°C/decade to acceleration; explains ""large fraction"" of observed 0.06°C/decade uptick",".5 of .6 was misidentified or 'unknown'.  So the vast marojity here was a source the IPCC didn't identify.    Worse this was 2010, and CMIP6 was being built...5 years later, BEFORE the size of these aerosols were understood.  So how do we mark this?  I'm going with 2010 vs 2023, and AR6 published in 2021.  That's 11 years vs 13 years",85%,3,TRUE,TRUE,2010 primary heat forcing may be the aerosols - which is confirmation of Hansen's numbers/forcings.,Modeling
,Atmosphere,https://doi.org/10.1029/2025GL115614,Record Warmth of 2023 and 2024 was Highly Predictable and Resulted From ENSO Transition and Northern Hemisphere Absorbed Shortwave Anomalies,2025,Academic/Peer-reviewed,75% of 2023 heat was 'very predictable'.  ,100 ensembles and they still undershot by 25%,25%,2,TRUE,FALSE,"I love this sort of study, because (I think) it seems to be trying to reassure everyone that yes modeling got this MOSTLY right.  But mostly right isn't right.  And look, even when trying to assure everyone they only get...75% of the way there.  That's missing one mile for every 3 you've done - not great in a race.  Suggests they're missing things of some magnitude - exactly what we saw BEFORE the event too",
,Atmosphere,https://doi.org/10.1038/s43247-025-02579-5,Historical model biases in monthly high temperature anomalies indicate under-estimation of future temperature extremes,2025,Academic/Peer-reviewed,Models (NOW) underestimate 22-yr average monthly high temp anomalies by 2-3%; underestimate 22-yr maximum anomalies by 11-12%.,Right now 87% of models are missing maximums that have occurred,87%,3,TRUE,TRUE,"CMIP6 is underestimating extremes, visibly now.  But also MORE in the future.  Exactly our argument in 2 places, 1) wrong on fat tails now and more wrong in the future but also 2) that forecasting was easy and accurate when numbers were small, but getting harder as they get bigger",
,Atmosphere,https://doi.org/10.1029/2024EF005561,Soil Moisture Feedback Amplified the Earlier Onset of the Record‐Breaking Three‐Day Consecutive Heatwave in 2023 in North China,2025,Academic/Peer-reviewed,"Tmax anomaly 8.6°C, nearly 1°C above previous historical maximum.  SM coupling is likely cause ",SM was 4x 'modeling',300%,4,TRUE,TRUE,SM to temperature coupling is nonlinear - this is direct verification of our PNW study from a different continent just 18 months later.  That's...about as a good a confirmation as possible,
,Atmosphere,https://doi.org/10.5194/acp-25-9031-2025,Climate forcing due to future ozone changes: an intercomparison of metrics and methods,2025,Academic/Peer-reviewed,ERF from ozone 2015-2050 = 0.268 ± 0.084 W m⁻². ODS indirect radiative efficiency = −0.34 ± 0.16 W m⁻² ppb(Cl)⁻¹,Ozone ERF: (0.268 - 0.19)/0.19 = 41% underestimation. ODS efficiency: (0.34 - 0.12)/0.12 = 183% underestimation,41%,3,TRUE,TRUE,"Ozone forcing has been misidentified as...less bad, what a surprise.  By 2050 this is already the 2nd ranked forcing, behind anticipated methane.  If only that were true...",
,Atmosphere,https://doi.org/10.1038/s41561-019-0310-1,Possible climate transitions from breakup of stratocumulus decks under greenhouse warming ,2019,Academic/Peer-reviewed,"They assert that at 1200 ppm CO2 SC clouds vanish entirely, a threshhold behavior.  Of note, climate models can't simulate these clouds well (20% of total)",We could put an infinite here (again) because of model failure.  Instead let's go with...what?  I'm going to say 1200ppm vs 4000ish,200%,4,TRUE,TRUE,"I don't like to rank Modeling as 4.  I'm going to make an exception here.  Hansen has said cloud feedbacks are large, but HOW large is a good question.  And like our ECS studies, this might be...a very very tall ceiling",Modeling
,Atmosphere,https://doi.org/10.1029/2025AV001719,Connecting Warming Patterns of the Paleo‐Ocean to Our Future,2025,Academic/Peer-reviewed,Transient warming patterns from the last 160 years of observations don't fit historical,"The equilibrium amplification factor is ~8x the transient amplification factor, but we end up with currently 59% larger forcing",59%,3,TRUE,TRUE,Paleo ECS is higher again.  And we're going to have some problems comparing the past to our sensor measurments,
,Atmosphere,https://doi.org/10.1038/s41467-025-65127-x,Reduced aerosol pollution diminished cloud reflectivity over the North Atlantic and Northeast Pacific,2025,Academic/Peer-reviewed,quantifying marine cloud reflectivity decline over North Atlantic and Northeast Pacific - fits Hansen again,"150% for the good models, vs....767% for the bad",150%,3,TRUE,TRUE,"""daunting possibility exists that current predictive capabilities are underestimating the warming of the Earth system.""  That's a good quote no?",
,Atmosphere,https://www.columbia.edu/~jeh1/mailings/2025/ColorfulChart.21November2025.pdf,Warning! This “Colorful Chart” is Censored by IPCC,2025,Academic/Peer-reviewed,"GHG forcing growth rate reached ~0.5 W/m² per decade (60-month running mean), rapid increase over last 15 years.  RCP 8.5 or higher","Measuring pathways here 2 vs 8.5.  This is about double that forcing, so here we'd say 100%",100%,2,FALSE,TRUE,My note - Hansen's number is too low here...it arrives lower than his 2023 heat bump.  Is he pulling punches for the IPCC/critics?  Something he hasn't explained?,
,Atmosphere,https://doi.org/10.1073/pnas.2511595122,Emerging hemispheric asymmetry of Earth’s radiation,2025,Academic/Peer-reviewed,"NH absorbing 0.34 ± 0.23 W/m²/decade more than SH. 0.74 W/m² swing in NH-SH difference in 19 years.  models have ""±5 W/m² discrepancies in NH-SH SW TOA flux difference",They thought 3% of the data was 100% of the data.  I could go with 640% for the actual size of the w/m2 discrepancy too....hmmm,640%,3,TRUE,TRUE,"Hemispheres are acting different, and cloud feedbacks aren't compensating (why did we think they would?).  It's going to get horribly complicated when we have to model the hemispheres differently...but we should have been doing that all along, all the time",
,Atmosphere,https://pubmed.ncbi.nlm.nih.gov/28861462/,Nonlinear climate sensitivity and its implications for ffuture greenhouse warming,2025,Academic/Peer-reviewed,"climate sensitivity doubles during warm phases (4.88 K vs 1.78 K per CO₂ doubling), projecting 5.86 K warming by 2100 under RCP8.5—21% higher than CMIP5 mean","Worse 'hot' ecs vs estimate, and here's the kicker, this is on an 8.5 pathway for pre AR6.  So this SHOULD be even worse now, and inherently suggest we've been using a 'figure' when we should use a 'matrix'",63%,4,TRUE,TRUE,"This one is great, because the ECS changes on conditions and they've got an independent derivation of their factors.  I'm of mind that we really need to be creating ecs multi-dimensional models",
,Atmosphere,https://pubmed.ncbi.nlm.nih.gov/40504900/,Observed trend in Earth energy imbalance may provide a constraint for low climate sensitivity models,2025,Academic/Peer-reviewed,All models with ECS ≤ 2.93K fall outside observed CERES range at 99.999% CI.  ,Given at least half of IPCC pathways are below 3C...,50%,3,TRUE,FALSE,"We shouldn't be using 1.5 or 2c at all, and here's ANOTHER independent verification",
,Atmosphere,https://www.columbia.edu/~jeh1/mailings/2025/GlobalTemperaturePrediction2025.12.18.pdf,"Global Temperature in 2025, 2026, 2027",2025,Academic/Peer-reviewed,"project global temperature reaching +1.7°C in 2027, confirming warming acceleration at 0.31°C/decade",NOAA was giving 1.5C for 2026,13%,4,FALSE,TRUE,"I think Hansen is showing our conservative bias himself. Talking to 'his audience' rather than say the world.  Guess we'll see though!  The 4 is because of Hansen's own words, namely accusing the world community of the conservative bias in real time",
,Atmosphere,https://www.researchsquare.com/article/rs-3974146/v1,Oceanic cloud trends during the satellite era and their radiative signatures,2024,Academic/Peer-reviewed,NASA study documenting 35-year satellite record of global ocean cloud cover decline and accelerating positive cloud radiative forcing,"Models are supposed to have generally flat cloud forcings, linear.  Instead we've had a 100% acceleration, but also the tropical component has been 300 to 700% increased",300%,3,TRUE,TRUE,"NASA confirming Hansen's ECS/Cloudfeedbacks.  Problem here is if cloud forcing increases alongside heating, then its a nonlinear feedback",Possible climate transitions from breakup of stratocumulus decks under greenhouse warming 
,Science & Institutions,https://www.thelancet.com/journals/lancet/article/PIIS0140-6736(25)01249-8/fulltext,Data Manipulation Within the US Government,2025,Academic/Peer-reviewed,"114/232 datasets (49%) substantially altered in ~2 months, only 13% logged.  93% of changes were gender→sex switches","We could compare logs to not, but in this case I'm going on updated datasets",49%,2,TRUE,FALSE,"Changing words matter.  How much is another question, but when it's this omnipresent, there will be unforseen consequences.  And we should look up - what else have they changed then?",
,Science & Institutions,https://doi.org/10.1016/j.oneear.2025.101358,Reconciling global tipping point theories: Insight from magnetic experiments,2025,Academic/Peer-reviewed,Perspective paper reconciling classic fold bifurcation and Turing bifurcation tipping point models using ferromagnetic experiments,,,3,TRUE,TRUE,"Some strong validation here for my assertion that the cascade is both 1) been ongoing for many decades and 2) quite possibly closer to a hard state flip that assessed by other metrics.  No resilience here, resilience was in the past",
,Science & Institutions,https://www.energy.gov/sites/default/files/2025-07/DOE_Critical_Review_of_Impacts_of_GHG_Emissions_on_the_US_Climate_July_2025.pdf,A Critical Review of Impacts of Greenhouse Gas Emissions on the U.S. Climate,2025,Government,"Let's ignore how many authors say there were misquoted here, and all the refutations.  My biggest interest here is that this report very pointedly decides no higher ECS than 2ishC.  Everything else is alarmist.  ","I'm putting 60% bias, since everything IPC ever told us above 2C 'isn't real'",60%,4,TRUE,TRUE,"Meet the new boss, worse than the old boss.  See, I quite deny that there will be 'greater understanding' as the crisis continues.  Instead we're going to intentionally dismantle old understanding in favor of comforting narratives.  Beautiful to behold in its way.  Why the 4?  Because this is the weaponisation of climate from the world's biggest polluter, and used as justification for everything else that comes after",
,Science & Institutions,https://doi.org/10.1038/s41558-025-02362-6,Consequential differences in satellite-era sea surface temperature trends across datasets,2025,Academic/Peer-reviewed,"""Systematic uncertainty—uncertainty due to, for example, the range of technical choices made by the different data-providing institutions—dwarfs parametric uncertainty""",four major SST datasets diverge by up to 70% in satellite-era warming trends (0.108-0.184°C/decade,70%,3,TRUE,FALSE,So models have been trained on datasets from the early satellite era that were off by .1C or more each decade.  We've got errors 'baked in',
,Science & Institutions,https://cascadeinstitute.org/technical-paper/polycrisisroadmap/,Polycris Research and Action Roadmap,2024,Other,We don't know what is interacting with what,,,1,FALSE,TRUE,"Hey look, someone literally asking for a project like ours!  Of note, I didn't see this until AFTER the synthesis was done",
,Science & Institutions,https://www.ametsoc.org/ams/about-ams/news/news-releases/international-state-of-the-climate-report-confirms-record-high-greenhouse-gases-global-temperatures-global-sea-level-and-ocean-heat-in-2024/,State of the Climate report,2025,Academic/Peer-reviewed,"Lots to go over, and still behind the times.  But verification of so much incrementalism.   Land sink in 2024 fell to <50% of 2014-2023 average.   Venezuelan glacier loss was projected for 2030s-2050s; occurred 2024.",Models assume ~10-11 GtCO₂/yr land uptake. 2024 actual: ~0-2 GtCO₂/yr.,800%,3,TRUE,TRUE,"They still can't put all the pieces together, but at least they ARE gathering some of them.  BTW look, everything they talk about is faster/worse.  They just confirmed our whole thing, on their own.  ",
,Science & Institutions,https://doi.org/10.1038/s41467-025-64091-w,Influence of individual models and studies on quantitative mitigation findings in the IPCC Sixth Assessment Repor,2025,Academic/Peer-reviewed,"One model is in 1/2 of all scenarios, and one study in 1/4 of all studies.  Remove either and figures shift dramatically.  Four models produce 2/3 of all outputs, and no idea why these models are chosen as central",,13%,2,TRUE,TRUE,"And wouldn't you know it, remove these chosen models and...things get worse/faster",
,Science & Institutions,https://arxiv.org/abs/1810.07056,Toward a General Theory of Societal Collapse. A Biophysical Examination of Tainter’s Model of the Diminishing Returns of Complexity,2018,Academic/Peer-reviewed,A good representation of biophysical EROI modeling,,,2,TRUE,TRUE,Included as a good representation of both Tainter's model and the incessant need for 'optimism.'  They say you can't get entropy back by cutting bureacracy and then...hope we can find a way to do it anyhow?,
,Science & Institutions,https://doi.org/10.1038/s41561-025-01787-0,Destabilization of Earth system tipping elements,2025,Academic/Peer-reviewed,"There are 4 tipping points, and its likely all are destabilized ALREADY.  ESMs explicitly described as having ""too stable a representation"" of tipping elements.","So if 3c was the assumption, and instead we're before 1.5C, that's at least 100%  But we also have decades earlier than assumed, IE time isn't a factor.  That's at least another 100% there",100%,4,TRUE,TRUE,"Of note I doubt these are even *the* tipping points.  But using the IPCC's own metrics, we've hit them without the right heat.  That tells me, if you've got the mechanistics wrong, then your targest are wrong too",
,Science & Institutions,https://unfccc.int/documents/654389,Global Mutirão: Uniting humanity in a global mobilization against climate change,2025,Government,"No mentions of fossil fuels or phase outs or gas or coal, etc",,,3,TRUE,FALSE,"Well, we said they would double down.  And look, right here is THE organization on the world stage for planning and...they regress, not progress.  They double down.  Big troubles ahead so lets...do a lot more of the same, but harder and faster!",
,Science & Institutions,https://doi.org/10.1038/s41598-025-28327-5,"Societal crises disrupt long-term increases in stress, negativity, and simplicity in US Billboard song lyrics from 1973 to 2023",2025,Academic/Peer-reviewed,"Stress language r=.81 correlation with time over 50 years. Positive sentiment r=-.78 decline. Lyric simplicity r=.62 increase. COVID shock: stress attenuation in 98th percentile of all possible windows, sentiment improvement in 99.4th percentile. ",That COVID turn is sharp.  I'm going with 98,98%,2,TRUE,TRUE,"So this one is a bit out there for even me, but I think it IS circling something wildly important - society might be maladapted in interest/escapism vs 'the moment.'  We want sad things when things are happy, or maybe in general, but when a bad event comes along requiring cooperation and 'acting together' we...go in the opposite direct, and seek simplicity and raw escape.  Remember when Africa made ebola education songs?  Well, we didn't just 'keep acting like normal'.  Instead we went happy, simpler, and more positive by a wildly large margin.  I wonder if we're doing the same thing to the climate crisis?  To government dysfunction?  To populism and war?  Could we be...escaping to fantasies rather than making Donald Duck fights the Nazis cartoons?",
,Science & Institutions,https://doi.org/10.1038/s43016-025-01267-z,Official estimates of global food insecurity undercount acute hunger,2025,Academic/Peer-reviewed,"Nature Food study analyzing ~10,000 IPC subnational analyses (2017-2023) finding systematic undercounting of acute hunger; 1 in 5 acutely hungry people missed","29% (conservative, using averaged FSIs); 115% (rights-based, worst indicator). Bunching analysis: 46% excess mass at 15% bin, -15% to -19% deficit in 25-30% bins",29%,4,TRUE,FALSE,"I'm going to do the full accounting somewhere, but here's one of the steps : hunger has never been accounted properly, and if we add to that PEOPLE have never been accounted properly, the full weight of our food failure swells much larger than assessed",
,Ocean,https://doi.org/10.1073/pnas.2500440122,Rising surface salinity and declining sea ice: A new Southern Ocean state revealed by satellites,2025,Academic/Peer-reviewed,"So we've got 1) a polynya returned, and 2) ocean changes in the complete opposite direction of forecast, that are 3) causing antarctica to lose the majority of its sea ice",Antarctica sea ice is 5 to 7 sigma anomaly...but only 250% in total volume.  I think we'll do the lower,150%,4,TRUE,TRUE,Well here we go - a finding so obvious it could be spotted in our synthesis BEFORE publication.  This just fits our ocean cascade already POST tipping points so well we should make sure we're not some of the authors (we're not),
,Ocean,https://doi.org/10.1007/s00338-025-02695-w,Coral bleaching and mass mortality at Lizard Island revealed by drone imagery,2025,Academic/Peer-reviewed,"92.2% ± 6.8% bleaching mortality across 2,000 m². 96.9% of living coral bleached. Occurred at only 6°C-weeks DHW vs 14°C-weeks elsewhere on GBR. ",Against literature expectation of <50% mortality from >90% bleaching: (92-50)/50 = 84%,84%,4,TRUE,TRUE,"This is a study of an area 4x larger than typical, on an event that was LESS hot than the previous bleaching in the same zone and still got...nearly complete bleaching.  What we measure is fundamentally off from what is happening in reality.  Of note another bleaching event occurred AFTER this, and this population of coral is likely functionally extinct",
,Ocean,https://doi.org/10.1038/s41586-025-09218-1,Nanoplastic concentrations across the North Atlantic ,2025,Academic/Peer-reviewed,27 Mt nanoplastics in North Atlantic mixed layer. Concentrations 15-25 mg/m³ vs 0.02-1.25 mg/m³ for micro/macroplastics at same locations. PE/PP undetectable despite being 50% of production,0.36 Mt (modeled). This study: 27 Mt nanoplastics in mixed layer alone.  We could go MUCH worse here btw...we're still missing the majority populations and I refuse to believe they just 'vanished'.  Also this is JUST the atlantic so....yeah,7400%,4,TRUE,TRUE,"I will do a mechanistic line on plastic at some point.  Suffice to say, it's an apocalypse entirely on its own.  And here we go, most plastic in the water is nano/micro, it's gone unassessed, and its bubbling into the air as a result.  And we're still missing the largest reservoirs because they've likely changed chemical composition into...?  This makes me want a 5 for transformative",
,Ocean,https://doi.org/10.1029/2025GB008514,Surface and Subsurface Compound Marine Heatwave and Biogeochemical Extremes Under Climate Change,2025,Academic/Peer-reviewed,analysis of MHW-acidification-deoxygenation events throughout water column to 2000m,35% affected volume vs 98-99% with fixed baseline,183%,3,TRUE,TRUE,"Turns out if you keep moving the baseline, your measurments aren't as wrong as they appear to you.  Do you know who does know how wrong things are?  The fish","Modeling, but matches some of our other observationals"
,Ocean,https://www.frontiersin.org/journals/marine-science/articles/10.3389/fmars.2019.00493/full,High Emissions of Carbon Dioxide and Methane From the Coastal Baltic Sea at the End of a Summer Heat Wave,2019,Academic/Peer-reviewed,t,"daily CO₂ flux (0.9-3.3 g C m⁻² d⁻¹) is ""one order of magnitude higher than simulated"" annual rates from current models (60 g C m⁻² yr⁻¹ max)",900%,2,TRUE,TRUE,"Oceans are changing fast.  Here's an order of magnitude misunderestimation of a CO2/CH4 source that ALSO shows local conditions 2C hotter for >30 years.  BTW, this is 1/3 of coastal shelves",
,Ocean,https://doi.org/10.1029/2024JC022251,Drivers and Variability of Intensified Subsurface Ocean Acidification Trends at Station ALOHA ,2024,Academic/Peer-reviewed,35-year time series showing subsurface ocean acidification at Station ALOHA proceeds faster than surface across all indicators,"41% of signal ""unaccounted for"" by standard mechanisms.  Could easily use both an infinite and a 320% for 5.1 μmol/kg/yr observed vs 1.21 μmol/kg/yr",41%,2,TRUE,FALSE,Verification we're accelerating too,verification of ocean acidification worse below surface
,Ocean,https://doi.org/10.1029/2025JC022651,Physics-Based Indicators for the Onset of an AMOC Collapse Under Climate Change,2025,Academic/Peer-reviewed,some models show onset conditions already occurring,"Previous ""unlikely before 2100"" vs. median onset 2055-2063 with 25th percentile 2023-2026",38%,3,FALSE,TRUE,"We've got some runs saying it's already started, confirmation of our other amoc studies then?",Cold blob studies
,Ocean,https://doi.org/10.1029/2025GB008608,"Dissolved Oxygen Variability on the Canadian Pacific Shelf: Trends, Drivers, and Projections in the Context of Emerging Hypoxia in Queen Charlotte Sound",2025,Academic/Peer-reviewed,Queen Charlotte Sound shifted from rare hypoxia (2.5% of observations 2003-2021) to common hypoxia (13.1% in 2022-2023) in a non-single driver threshhold,"If 2049 was expected threshold breach and functional threshold behavior emerged 2022-2023, that's ~26 years early.  We could point out threshhold is also 400% higher but....",57%,3,TRUE,TRUE,"I hate to see this - threshhold behavior that spreads fast and strong in effect, and not from a single source.  This is the scary interaction math at work",
,Ocean,https://www.nature.com/articles/s41598-025-07732-w,Interannual variability in terrestrial dissolved organic matter advection to the eastern East Siberian Sea under contrasting Beaufort Gyre conditions,2025,Academic/Peer-reviewed,"polar research showing 64% weakening of Beaufort Gyre between 2019-2022, causing 37% increase in river water fraction and 29% increase in terrestrial dissolved organic matter in eastern East Siberian Sea ","Standard models emphasize Arctic Oscillation, but here it's neglible - this is probably a category error",,4,TRUE,FALSE,"Warm melted water, full of organic matter, spilling directly onto the ESAS POST any shakhova visit.  I wonder if it's a potential problem?",
,Ocean,https://doi.org/10.1038/s43247-023-00727-3,Human-induced changes in the global meridional overturning circulation are emerging from the Southern Ocean,2025,Academic/Peer-reviewed,NOAA-led study using ocean model constrained by 60+ years of hydrographic observations finds human-induced GMOC changes already in Southern Ocean.  Upper overturning +3-4 Sv (50-60%) since 1975,"If emergence expected ~2050-2100 but detected 1975-2017, timing off by 30-50 years on ~80 year projection window.",62%,4,FALSE,TRUE,"Well, there we go.  ANOTHER verification of our ocean predictions.  In the south ocean too, which should be led by north ocean behaviors 1st.  Models 'could produce the mean state' so they had to constrain them with observations and whoops, we started to lose the current in the 1970s",
,Ocean,https://doi.org/10.1038/s41467-023-36288-4,Likely accelerated weakening of Atlantic overturning circulation emerges in optimal salinity fingerprint,2025,Academic/Peer-reviewed,Salinity fingerprint (SS) achieves ~2x signal/noise ratio vs traditional warming hole (TNA): ~0.8 vs ~0.4.  CMIP6 MMEM shows -4.0 Sv/50years acceleration post-1980s,"Traditional TNA fingerprint showed apparent AMOC strengthening 1990s-2010s due to AMO contamination while true forced signal was accelerated weakening.  Again 1980s vs 2050, so sign error.  Maybe in this case we use a 20 year detection lag on what, 50 years or so?",40%,4,FALSE,TRUE,"And again, we've got verification.  At this point we have...at least 10 sources on AMOC already changing measurably, something like 4SV",Cold blob and 1950/70s weakening timescales confirm this
,Ocean,https://doi.org/10.5194/sp-6-osr9-5-2025,Variations in marine heatwaves and cold spells in the Northwest Atlantic during 1993–2023,2025,Academic/Peer-reviewed,"Bottom temperature regime shift ~2012: Before 2012, MHW events detected 2 of 19 years; after 2012, MHW events 10 of 12 years",Bottom MHW days post-2012: 150-200+ days vs surface 50-100 days,100%,2,TRUE,FALSE,"Snow crabs immediately registered the temperature change.  Tight coupling.  If we had listened to fishermen/crabs, we could have caught this 13 years earlier","BMHW papers all verified, down to the year 2012"
,Ocean,https://doi.org/10.1088/1748-9326/ad1d3b,Observations reveal onshore acceleration and offshore deceleration of the Kuroshio Current in the East China Sea over the past three decades,2025,Academic/Peer-reviewed,reorganization of Kuroshio Current in East China Sea - onshore acceleration (+3.2%) and offshore deceleration (-4.6%) driven by enhanced stratification and weakened wind stress ,,,3,TRUE,FALSE,"Not anticipated, and some very chaotic accelerations/decelerations both.  But of note, this has been going on for decades, meaning the oceans are often more sensitive than assessed",
,Ocean,https://doi.org/10.1038/s41612-025-01210-w,"North Atlantic temperature and salinity changes are driven by external forcing, underestimated by CMIP6 models",2025,Academic/Peer-reviewed,"CMIP6 models underestimate observed North Atlantic temperature and salinity changes by ~66%, with models requiring 25-30 additional years of simulation to match current observations","Scaling factor β = 0.34 for temperature, 0.31 for salinity when regressing 2020 observations onto 2020 model outputs. Best fit achieved when regressing 2020 observations onto 2040-2050 model projections (β ≈ 1.0).  Going with under observation rate of 66%",66%,3,TRUE,TRUE,So what's already happening isn't supposed to happen until 2040/2050 in CMIP6.  We keep hearing this,
,Ocean,https://www.science.org/doi/10.1126/sciadv.adw3468,Recent and early 20th century destabilization of the subpolar North Atlantic recorded in bivalves,2025,Academic/Peer-reviewed,"Bivalve shell records show two North Atlantic destabilization episodes since 1800, with current AR(1)/λ values matching pre-1920s levels when SPG actually crossed tipping point",Not going to assess this because SPG is a bit all over the place.  From never tipping to tipping 'in any moment.'  AR6 is confusing here,,3,TRUE,TRUE,Could bivalves give us a better signal than anything else?  Maybe!  In this case the tipping point was 1920.  Imagine how sensitive the earth system must be for 1920 to be enough human emissions for first changes to show,
,Ocean,https://doi.org/10.1038/s43247-025-02793-1,Equatorial Atlantic mid-depth warming indicates Atlantic meridional overturning circulation slowdown,2025,Academic/Peer-reviewed,mid-depth (1000-2000m) equatorial Atlantic warming as fingerprint of AMOC slowdown,Mid-depth warming signal emerged from natural variability by 2001 ± 6 years. Observed warming 0.14 ± 0.02°C (1960-2020) implies ~2 Sv AMOC decline since 1950s.  Another 67ish,67%,3,TRUE,TRUE,"This is the 13th paper I've assessed on AMOC already having slowed down, all in the same general time frame - midway through the 1900s",13 amoc papers
,Earth & Soil,https://doi.org/10.1038/s41586-025-09201-w,Global terrestrial nitrogen fixation and its modification by agriculture,2025,Academic/Peer-reviewed,Natural BNF = 65 Tg N/yr (was 195). Sampling sites had N-fixers at 17x global average abundance. AET-BNF and NPP-BNF slopes ~50% of values used in Earth system models. Agricultural BNF (56 Tg N/yr) approaching planetary boundary alone.,: Cleveland 1999 central estimate 195 → 65 Tg N/yr.,67%,3,TRUE,TRUE,"Less nitrogen capacity in nature means less natural regeneration, and a lot more problems if our fertilizers ever become short.  Of note this + arctic soil nitrogen loss = no greening at scale at the poles",
,Earth & Soil,https://doi.org/10.1029/2023GL103509,Drift of Earth's Pole Confirms Groundwater Depletion as a Significant Contributor to Global Sea Level Rise 1993–2010,2025,Academic/Peer-reviewed,We've moved the planet by pumping around 2150 gigatons of water.  78cm anomaly has appeared in just 50 years,Be aware there is some evidence that core changes precede heating events,,2,FALSE,FALSE,"If Earth was the ISS, listing 1 meter against plan, we'd immediately halt operations and explore.  But since it's a planet, the ONLY planet we live on, it's...fine?  Does that make ANY sense?  I want to rate this as 4, but I don't think it's as immediate a risk as others.  Still, something we should be aware of https://www.nature.com/articles/s41561-024-01478-2 and https://ui.adsabs.harvard.edu/abs/2016AGUFM.G41B1032L/abstract and https://communities.springernature.com/posts/contributions-of-core-mantle-and-climatological-processes-to-earth-s-polar-motion and https://www.intechopen.com/chapters/81193",
,Earth & Soil,http://dx.doi.org/10.1016/j.gloplacha.2016.11.009,Ten years of measurements and modeling of soil temperature changes and their effects on permafrost in Northwestern Alaska,2016,Academic/Peer-reviewed,GST warming measured at 0.44 ± 0.05°C/decade at Red Dog Mine. North Slope average acknowledged at ~0.9 ± 0.5°C/decade. Active layer projected to increase 145 ± 100% by 2055. 2080 at 2.0°C/decade scenario,"Currently measurements are 2.2C/decade, faster than their fastest projection",300%,3,TRUE,TRUE,"So we're faster than their fastest, and it's only halfway through their timeframe.  We will be entirely melted decades before 2080 at that rate, and there is NO sign of slowing down",
,Biosphere,https://doi.org/10.1038/s41558-025-02379-x,Antarctic phytoplankton communities restructure under shifting sea-ice regimes,2025,Academic/Peer-reviewed,"33% diatom chl-a decline on Antarctic Shelf (1997-2023): 0.32 mg chl-a m⁻³ from 0.97 baseline.  Sharp 2016 regime shift - discontinuous, not gradua",This was 2100 expectation in their own references,84%,3,TRUE,FALSE,"Another carbon sink failing.  And look how fast the coupling is with plankton, down to the year.  The oceans are far more sensitive than assessed over and over",
,Biosphere,https://doi.org/10.1093/biosci/biaf059,Climate change threats to Earth’s wild animals,2025,Academic/Peer-reviewed,5.1% of assessed species threatened by climate = floor built on 5.5% of described species,"I really want to put 46x for sampling bias, but will stick to the 'smaller' 5% of what we assess",95%,2,TRUE,TRUE,"So the authors say climate change isn't the dominant stressor on animals, and maybe they're not.  But they say they by...assessing 5% of all animals?  That's a category error.  The correct response should have been WE DON'T KNOW",
,Biosphere,https://www.science.org/doi/10.1126/sciadv.adw8971,North American bird declines are driven by reductions in common species,2025,Academic/Peer-reviewed,"1% average abundance decline, 19% biomass decline across 1.2M km².  Only 5% of species account for 80% of all declines","some category errors here, but check this:  conservation attention was distributed across threat categories rather than concentrated on common species providing 80%+ of services ",80%,3,TRUE,TRUE,Survivor clades in empty niches are all that's left of some species.  Now common species are reducing to this state too.  It's funny to talk of '20% recoveries' in species that were once 2000% bigger.,
,Biosphere,https://www.bmleh.de/SharedDocs/Downloads/DE/Broschueren/waldzustandserhebung-2024.pdf?__blob=publicationFile&v=9,"Survey of German Trees, 2024",2025,Government,"2019 inflection: mean crown thinning jumped 18.9%→25.1% in 2 years, plateaued at 25.7% through 2024.  Oak at 51% significant damage (worst species). Older trees (>60yr) at 43% damage vs 16% younger. Three consecutive years of stress-induced mast fruiting in beech.","Expected 5 to 10% recovery, but there was none.  Could be a category error, but let's go with 10",10%,4,TRUE,TRUE,"German trees are some of the best monitorred in the world.  And even favorably conditions didn't get them going healthier, just plateaued the damage (a bit).  No recovery = we only ratchet down.  Older trees are sicker too, meaning most of the long lived varieties.  Of note 2023 report shorted increased 12% damage in oaks in ONE FAVORABLE year",
,Biosphere,https://doi.org/10.1038/s41467-025-62441-2,Global assessment of current extinction risks and future challenges for turtles and tortoises,2025,Academic/Peer-reviewed,"attempted estimate at evolutionary response rate vs warming conditions; 10⁻³ to 10⁰ felsen units/century.  Mismatch: 1,000-1,000,000x gap between biological response capacity.  Even SSP1-2.6 ""best case"" shows 3-4 order magnitude mismatch",There is no way the animals here can adapt in time to even 'safe' levels of global warming.  ,,3,TRUE,TRUE,"All sorts of assessments we could do here, but leaving blank due to category error.  But keep in mind, this is essentially saying we don't have turtles/tortoises very soon.  Exctinct debt has been marked",
,Biosphere,https://doi.org/10.1002/ecy.70187,Long-term decline in montane insects under warming summers,2025,Academic/Peer-reviewed,"20-year study documenting 72.4% decline in flying insects at pristine Colorado subalpine meadow (3200m elevation), with 6.6% annual decline rate. ","If we assume pristine areas expected to show perhaps 25-35% decline, observed 72.4% represents roughly 150% underestimate",150%,4,TRUE,TRUE,"So a prisitine, human untouched location is losing insects at the same rate as everywhere else (human infected).  Oh AND the local heating conditions appear to be increasing greater than the 'earth system' measurements.  So we've got two different global averages/causes challenged. ",Weather anomalies cannot explain insect decline
,Biosphere,https://doi.org/10.1038/s41564-025-02106-4,Future ocean warming may cause large reductions in Prochlorococcus biomass and productivity,2025,Academic/Peer-reviewed,Prochlorococcus has 28°C thermal threshold missed by standard models; field data from ~800 billion cells shows division rates decline sharply above this temperature,"This should be another category error.  Let's try to capture it tho Exponential predicted +30%, Metabolic shows -37%",125%,4,TRUE,TRUE,"The 28°C threshold itself may be conservative. Authors explicitly state the exponential curve ""predicts unrealistically high maximum division rates for Prochlorococcus above 28°C, overlooking its actual thermal sensitivity.""",
,Biosphere,https://doi.org/10.1038/s41586-024-08528-0,Weather anomalies cannot explain insect decline,2024,Academic/Peer-reviewed,"Nature ""Matters Arising"" refuting Müller et al. (2024) claim that weather anomalies explain German insect decline and that recent recovery occurred","sampling weather + habitat: ρ = -0.01, P = 0.73 (no effect). Müller's 12-covariate model had 0% AIC weight vs 100% for simpler year+sampling weather model. 2022 ""recovery"" data predominantly from artificially created forest gaps (BETA-FOR) designed to increase biodiversity.  range of -1 to 60.5, but I won't assess this",,3,TRUE,TRUE,"Drama and criticisms of other publishers.  What's interesting here to me, weather is explanatory, but not in a single event pattern.  Instead steady degradation of weather is adding up - that'd be my theory here.  It's not bad events.  It's bad years, and the damage is taking time to appear.  Patently, recoveries across years are NOT happening",Long-term decline in montane insects under warming summers
,Food & Resources,https://www.unccd.int/sites/default/files/2025-07/Drought%20Hot%20Spots%202023-25%20EN.pdf,"Global Drought Hotspots Report Catalogs Severe Suffering, Economic Damage",2025,Government,"The 90+ million across Eastern/Southern Africa facing acute hunger, with Somalia's 4.4 million at crisis-level (784,000 at emergency) and 1.7 million children in acute malnutrition","Zambezi River fell to 20% of long-term average, Kariba Dam to 7% generation capacity, causing 21-hour daily blackouts in Zambia.  60% jump in hunger in 4 years (minimum)",60%,4,TRUE,TRUE,"This is only six months into the year, and as we know it got worse.  What's interest to me here is the widespread nature.  ""Slow-moving global catastrophe, the worst I've ever seen"" from the NDMC Director.",
,Food & Resources,https://www.nass.usda.gov/Statistics_by_State/Florida/Publications/Citrus/Citrus_Forecast/2024-25/cit0725.pdf,CITRUS JULY FORECAST FORECAST COMPONENTS ,2025,Government,"Florida citrus production hits 105-year low at 14.52M boxes (2024-25), down 95% from 1997-98 peak of 304M boxes",Expected trajectory toward 50-60M with recovery investment; actual 14.52M,76%,2,TRUE,FALSE,Lowest citrus forecast since 1919.  CA beats FL for production for first time ever,
,Food & Resources,https://iopscience.iop.org/article/10.1088/1748-9326/ade45f,"Climate extremes, food price spikes, and their wider societal risks",2025,Academic/Peer-reviewed,"Peer-reviewed documentation of unprecedented climate-driven food price spikes (70-300%) across multiple regions 2022-2024, with cascade pathways to monetary/political instability Korean cabbage +70% YoY, Japanese rice +48% YoY, Chinese vegetables +30% in 2 months, US vegetables +80% YoY, EU olive oil +50% YoY, global cocoa +300% YoY. Multiple events ""completely exceed all historical precedent prior to 2020.""","If models projected 20-30% price volatility increases by mid-century under high warming, and we're seeing 70-300% spikes at 1.5°C in 2024, the timing is off by 20-30 years and magnitude by 2-10x depending on commodity.",200%,3,TRUE,TRUE,"It's not one thing, which means the pattern we're seeing here isn't going to reverse.  Any forecasts for 2050 food are just off by an entire reality or two",
,Food & Resources,https://executiveboard.wfp.org/document_download/WFP-0000165579,Annual performance report for 2024 Draft decision*,2025,Government,"1.9M people at IPC Phase 5 (catastrophic/famine), doubled from 705K in 2023, 44.4M at Phase 4+, Record 378 aid workers killed (previous high: 280), Only 25% of acutely food-insecure reached, Funding collapsed to 54% of requirements","Either this overestimates, or the follow ups underestimate.  And given the funding cuts in 2025, I'd guess the 2025 update is MORE wrong than this.  So how do we assess?  I think I'm going to go with the (near) tripling of ipc5",170%,4,TRUE,TRUE,Polycris language from the WFP.  Phase 5 doubling in 1 year (or more).  The alarms are just blaring here.  Also notice they say 343 million in acute here.  We're going to contradict that ,WFP outlook report for 2026
,Food & Resources,https://docs.wfp.org/api/documents/WFP-0000170274/download/?_ga=2.197064940.1714895459.1767826740-16886971.1767826739,WFP 2026 Global Outlook,2025,Government,"They say 318M IPC 3+, 41.1M IPC 4+ Two simultaneous famines confirmed WFP funding collapsed 40%: $9.8B (2024) → $6.4B (2025)",They had forecasted a funding increase.  So let's assess that,50%,4,TRUE,TRUE,"So in 12 months (at most), 24 million people left IPC3?  And 3 million left IPC4?  With worse hunger in all 16 assessed 'hunger areas'?  Someone's numbers don't add up - oh wait it's because of how many MISSING nations there are now.  The funding is cut, nations are stepping out, which means...our assessment apparatus is degrading.  Exactly one of our predicitons",WFP annual performace review
,Food & Resources,https://doi.org/10.1038/s41558-025-02373-3,Navigating energy transition solutions for climate targets with minerals constraint,2025,Academic/Peer-reviewed,"All 557 IPCC AR6 mitigation pathways face potential shortages of 1-12 critical minerals by 2100. This isn't ""some pathways have problems"" - it's a universal constraint across the entire solution space that climate policy assumes is viable.","Indium: demand exceeds reserves 8.2x across >80% of pathways, shortage onset ~2035.  Literally no pathway can 'succeed'",100%,2,TRUE,FALSE,"Ths is so 'rich people' - MIDDLE_EAST, REST_ASIA, INDIA+, AFRICA face 7-24 mineral shortages vs 2-4 for developed regions",
,Food & Resources,https://www.dailybread.ca/research-and-advocacy/research/whos-hungry-report/,Who's Hungry Report 2025,2025,Government,"Last year, food bank visits in Toronto reached an all-time high of 4.1 million — more than half a million higher than the year before, and a 340% increase since 2019.  Entrenchment is main key here, people returning","340% visit increase vs 11% population growth (2019-2025). Entrenchment signature: 59% existing clients (up from 47%), 54% visiting 3+/month (up from 43%). 635,962 more visits despite 12,493 fewer unique clients. 25.5% of Canadian households now food insecure (highest in 20 years). Child hunger: 18% of households w/children report weekly child hunger (up from 13%). 88% of clients in unaffordable housing. Median income $1,200 vs median housing cost $1,300.",2990%,1,TRUE,FALSE,"alone this is a 1.  Taken with other signs in UK, US, Australia, France, we have STRONG indicators that hunger is rising in rich countries at least as fast as poor countries.  ",Statistics Canada Canadian Income Survey 2024 confirms 25.5% national food insecurity rate (10M people). That's 1/4 of Canada
,Food & Resources,https://doi.org/10.1038/s41586-025-09085-w,Impacts of climate change on global agriculture accounting for adaptation,2025,Academic/Peer-reviewed,"Observational study finds (RCP 8.5): Maize -27.8%, Wheat -28.2%, Soybean -35.6%, Rice -6.0% vs end-of-century yield changes: Maize +1.3%, Wheat +9.9%, Soybean +15.3%, Rice +23.3%","Sign reversal.  Adaptation alleviates only 23% of losses by 2050, 34% by end of century.  ",76%,3,TRUE,FALSE,"Adaptation doesn't cover loss/damage at any rate better than 1/3, per the authors. I bet it could be higher, but I'm also pretty sure even in ideal settings it couldn't be that MUCH higher.  ",
,Food & Resources,https://doi.org/10.1111/gcb.70568,CO2 Rise Directly Impairs Crop Nutritional Quality,2025,Academic/Peer-reviewed,"meta-analysis on CO2 effects on crop nutritional content (5,324 entries, 43 crops, 32 nutrients) showing pervasive elemental shift with zinc -7.1%, protein declining, and heavy metals increasing","Authors state outdoor FACE/OTC experiments show ""three times larger mean decrease"" than indoor chamber/greenhouse experiments, and note ""all experimental methods, for varying reasons, are conservative estimates, implying an even larger shift.""",200%,2,TRUE,FALSE,"It's so obvious - greenhouse crops aren't going to grow the same as the outdoor kind.  And yes, greenhouse is more gentle, so better uptake",An Alarming Decline in the Nutritional Quality of Foods: The Biggest Challenge for Future Generations’ Health
,Cryosphere & Poles,https://doi.org/10.1111/gcb.70309,Warming Weakens Soil Nitrogen Stabilization Pathways Driving Proportional Carbon Losses in Subarctic Ecosystems,2025,Academic/Peer-reviewed,"Isotope tracing study in Icelandic subarctic grasslands showing warming causes N cycle ""opening"" with ~26:1 loss-to-gain ratio, driving proportional irreversible C losses",Loss:gain ratio ~26-33:1,2500%,4,TRUE,TRUE,"Combine this with our other nitrogen soil study, and the poles won't be greening in some large way.   increased aboveground biomass under warming was ""insufficient to offset the loss of N retention""",
,Cryosphere & Poles,https://doi.org/10.1038/s41561-025-01746-9,Outburst of a subglacial flood from the surface of the Greenland Ice Sheet,2025,Academic/Peer-reviewed,"90-million-cubic-metre subglacial flood that burst upward through Greenland Ice Sheet surface via hydrofracture, in region where all thermal models predicted frozen basal conditions (below -5°C)",Discharge rate 100x higher than comparable Antarctic lake drainage events.  68% of Greenland's bed has frozen (40%) or uncertain (28%) thermal state—these regions effectively excluded from subglacial hydrology models,68%,3,TRUE,TRUE,"Frozen isn't safe, internal isn't safe, nonlinear is rearing its head everywhere and we should anticipate this",
,Cryosphere & Poles,https://doi.org/10.1038/s43247-025-02515-7,The state and fate of Glaciar Perito Moreno Patagonia,2025,Academic/Peer-reviewed,16x acceleration in surface lowering (0.34 → 5.5 m/yr) with 800m retreat in 4 years; authors identify self-reinforcing buoyancy-driven collapse trajectory once subglacial ridge pinning point (threshhold) past,"Glacier repeatedly described in literature as ""relatively stable compared to other large outlet glaciers in Patagonia."" From 1999-2013, frontal position fluctuated by no more than 50m.  800m retreat at northern terminus in just 4 years",1518%,2,FALSE,TRUE,Hard to quantify something they said wouldn't happen.  I'm going with the acceleration rate entirely because it was assumed to be 'stable' and advertised as such to unesco,
,Cryosphere & Poles,https://doi.org/10.1073/pnas.2503806122,Svalbard’s 2024 record summer: An early view of Arctic glacier meltdown?,2025,Academic/Peer-reviewed,"PNAS study documenting Svalbard's 2024 record glacier melt season—61.7 Gt total loss (1% of all Svalbard ice), comparable to entire Greenland ice sheet despite 1/50th the area. 6x exceedance of 2000-2019 baseline. Authors frame as ""window 70 years ahead.""",RCP8.5 projected average 2100 conditions; 2024 exceeded this by 70%,70%,3,TRUE,TRUE,"When the worst effects of 8.5 in 2100 are happening now, can we safely say that the pathways aren't accurate?  Notice the authors here too, hoping this is a 1x event...",
,Cryosphere & Poles,https://doi.org/10.1038/s41586-025-09349-5,Emerging evidence of abrupt changes in the Antarctic environment,2025,Academic/Peer-reviewed,"review synthesizing emerging evidence for abrupt, interacting, and potentially irreversible changes in Antarctic environment",Antarctic winter sea-ice maximum decline since 2014 is 4.4x faster than Arctic decline since 1979.  Antarctic summer minimum decline 1.9x faster than Arctic over 46 years,340%,4,TRUE,TRUE,The Antarctic could become sea ice free sooner than the Arctic.  Talk about a line you'd never expect to see unless you use our framework!,
,Cryosphere & Poles,https://doi.org/10.1038/s41467-025-61919-3,Summer warming in the East Antarctic interior triggered by southern Indian Ocean warming,2025,Academic/Peer-reviewed,"Nature Communications study documenting statistically significant warming in East Antarctic Ice Sheet interior (1993-2022), finding 0.45-0.72°C/decade annual trends and 0.80-0.89°C/decade warm half-year trends, driven by Indian Ocean SST","Inland EAIS warming 0.45-0.72°C/decade (annual), 0.80-0.89°C/decade (Oct-Mar).  This is interior too, so how do we mark this when expectation was no warming (or neglible).  How about compared to basal rate of warming?  So 2x?",600%,3,TRUE,TRUE,"Definitely a category error, and not at all forseen.  ",
,Cryosphere & Poles,0.1038/ncomms15872 | ,Current rates and mechanisms of subsea permafrost degradation in the East Siberian Arctic Shelf,2016,Academic/Peer-reviewed,"omprehensive re-drilling study of ESAS subsea permafrost showing 14 cm/year IBPT deepening rate, 2.5x acceleration from pre-1982 baseline, and falsification of three key model assumptions about post-inundation permafrost stability","Submerged taliks NOT freezing, continuing to develop as gas migration pathways",146%,3,TRUE,TRUE,"This is a 3 only because we've covered it elsewhere, and more recently.  But the whole ESAS is deserving of a 5",
,Cryosphere & Poles,https://doi.org/10.5194/os-21-577-2025,Observed bottom warming in the East Siberian Sea driven by the intensified vertical mixing,2025,Academic/Peer-reviewed,"observation of unprecedented bottom warming (>3°C) in East Siberian Sea from moderate cyclone, documenting novel ice-retreat → wave-growth → vertical mixing feedback / regime change in cyclone behavior for ESAS",Moderate cyclone (1012-1024 hPa) produced 25m mixed-layer deepening and >3°C bottom warming at 46m depth.   Previous studies documented 5-10m MLD deepening from strong Arctic cyclones,150%,3,TRUE,TRUE,"So to add to our meltwater picture, we also have cyclonic amplification, deeper and longer and hotter.  Right over the spot that (even the authors) identify as 'bad'",Shakhova
,Cryosphere & Poles,https://doi.org/10.21203/rs.3.rs-3982037/v2,Increased future ocean heat uptake constrained by Antarctic sea ice extent,2025,Academic/Peer-reviewed,CMIP6 models underestimate ocean heat uptake by 3-14% due to Antarctic sea ice bias; also underestimate cloud feedback (19-32%) and atmospheric warming (6-7%),"OHU underestimated 14% (SSP5-8.5), 3% (SSP1-2.6)",14%,2,TRUE,TRUE,"This is most interesting becomes it demonstrates the bias in layers, one underestimation makes the next one even worse, from sea ice to ocean heat to air temps etc",CMIP6 model failures
,Cryosphere & Poles,doi:10.3390/geosciences9060251,Understanding the Permafrost–Hydrate System and Associated Methane Releases in the East Siberian Arctic Shelf,2019,Academic/Peer-reviewed,comprehensive review of ESAS,Ice-bonded permafrost table (IBPT) now degrading at ~14 cm/yr vs ~6 cm/yr historicall.  800GT needs 'only a trigger',133%,3,TRUE,TRUE,3 to 5 orders of magnitude off for current CH4 releases,Shakhova
,Cryosphere & Poles,https://doi.org/10.1038/s41467-025-63404-3,Antarctic seep emergence and discovery in the shallow coastal environment,2025,Academic/Peer-reviewed,shift from 1 known Antarctic seep to 28+ across Ross Sea region of 7 square miles,,2600%,4,TRUE,TRUE,"(21,000 GtC subglacial, 800 GtC hydrates) was supposed to be safe.  It is not, clearly.  What's most worrisome here is the speed of spread.  <15 years, means this could be exploding shortly",
,Cryosphere & Poles,https://doi.org/10.5194/acp-24-6359-2024,Surface networks in the Arctic may miss a future methane bomb,2024,Academic/Peer-reviewed,"FLEXPART atmospheric transport model finds Arctic observation networks would take 10-30 years to detect rapid methane emissions in poorly-monitored regions, with substantial misattribution risk even with expanded monitoring","ESAS region misattribution: 286% with current network, 34% with extended network",286%,4,TRUE,TRUE,"This is my problem.  Everyone says methane bombs aren't coming, that the system is stable.  And THEN we find out the detection method that would tell us...could be 10 to 30 years too slow. Oh and btw, this was BEFORE the OAR closures",Modeling
,Cryosphere & Poles,https://doi.org/10.1038/s41561-025-01802-4,Record grounded glacier retreat caused by an ice plain calving process,2025,Academic/Peer-reviewed,Hektoria Glacier retreated 25km in 15 months including 8.2km in 2 months via buoyancy-driven calving mechanism,"We have a new failure mode, so its hard to figure out rates.  39,000% would work for example.  Let's go with the generic 'order of magnitude' from the authors I suppose",900%,4,FALSE,TRUE,authors themselves describe mechanism that could produce retreat rates of hundreds of meters per day at Thwaites once conditions align,
,Cryosphere & Poles,https://doi.org/10.21203/rs.3.rs-5335434/v1,"""Storm-like"" ocean submesoscales enhance submarine melting within Antarctic ice cavities",2025,Academic/Peer-reviewed,"Submesoscale ocean ""storms"" (1-10km features) enhance Antarctic ice shelf melting by ~20% of total melt variance, with positive feedback loop - process invisible to standard climate models",Baseline: 20% of melt variance unmeasured,20%,2,TRUE,TRUE,"My gut is that this is larger, and will grow nonlinearly.  But given its resolution size, I'm not sure we'll ever 'map' this ahead of time",
,Cryosphere & Poles,https://doi.org/10.1038/s41467-025-66671-2,Ocean driven retreat of the Northeast Greenland Ice Stream following the Last Glacial Maximum,2025,Academic/Peer-reviewed,"Northeast Greenland Ice Stream retreat following Last Glacial Maximum showing ocean-driven retreat began earlier than previously reported, with Return Atlantic Water driving grounding line instability even during cold atmospheric conditions",Grounding line retreat to 100km from shelf edge by 20.3 ka BP. Previous chronology at similar core location gave 16.6 ka BP,18%,2,FALSE,TRUE,"This is here because everything that shows the past was faster, means the capacity reserve is smaller than thought.  We combine that with faster heating, and we get faster regime shifts",
,Companies & Inequality,https://ips-dc.org/report-giving-pledge-at-15/,The Giving Pledge at 15,2025,NGO,"79% of ""giving"" went to donor-controlled intermediaries (foundations/DAFs). 283% wealth growth since 2010 for original pledgers. $367B shortfall if all fulfilled today.",1 out of 32 living has followed through so far...8 of 22 deceased pledgers fulfilled,64%,3,TRUE,FALSE,"systematic non-fulfillment is the norm, not the exception.  This appears to be a marketing exercise for many of them, and what a surprise, even the giving has significant influence attached.  367B is 6x loss of USAID in 2025",
,Companies & Inequality,https://www.sjsu.edu/hri/policy-projects/svpi/index.php,2025 Silicon Valley Pain Index,2025,Academic/Peer-reviewed,"San José needs 7,775 homes/year until 2031 to meet state goals. Maximum ever built in single year: 1,710 (2019). Zero market-rate multi-family buildings >20 units began construction in 2024. Only 3 of 15 Santa Clara cities approaching pace for total housing; zero approaching affordable housing goals.","Actual construction runs at ~22% of required pace for total housing, near 0% for affordable.",78%,2,TRUE,FALSE,The pit just gets deeper,
,Companies & Inequality,https://jamanetwork.com/journals/jama/fullarticle/2828342,Cold-Related Deaths in the US,2025,Academic/Peer-reviewed,"JAMA study on cold-related mortality trends in US showing 109% increase during warmest decade on record, with 12.1% annual acceleration beginning 2016-2017","HUD Point-in-Time counts showed homelessness essentially stable 2007-2022 (~550-580k), only ""discovering"" crisis in 2023-2024. Cold death data shows crisis accelerating from 2016-2017—six years before official counts registered it. Additionally, warming should have reduced cold mortality with stable exposed population",,3,TRUE,TRUE,"HUD says homelessness was mostly stable from 2007 to 2022.  I say bullshit to that.  Here's one piece of evidence I have - cold deaths can't hide nearly as well.  And look, 2016, the same year that fentanyl starts really going and inequality in housing starts to ramp again, we start seeing 12%yoy increases.  I think this is a great metric for actual homelessness increases.  We have something like 109% + (inverse of increased heat reducing deaths) = true homelessness growth",
,Chemical,https://www.deepscienceventures.com/toxicity,Toxicity: The Invisible Tsunami,2025,NGO,"EFSA reduces BPA tolerable daily intake by factor of 20,000 after including independent academic studies alongside industry guideline studies, Global sperm count decline rate more than doubled: 1.2%/year (1972-2000) → 2.6%/year (2000-2018), European philanthropic funding for ""toxics and pollution"" was €7M vs €393M for ""climate and atmosphere"" in 2021 - 56:1 ratio","I'm really tempted to put 1,000,000 for bias, but I'll keep the cancer number I think.  Cancer deaths/incidence are supposed to be decreasing in the young and instead...",79%,4,TRUE,TRUE,"Someone noticing the general patterns we are.  So much to go over, and they still leave out micro/nanoplastics, combination theory, and the synergies of heat + neuroinflammation that the chemicals they do assess have",
,Chemical,https://cleanlabelproject.org/coffee-study/,Clean Label Project (CLP) Certification,2025,NGO,Clean Label Project coffee study finds 100% of organic coffees contain AMPA (glyphosate metabolite) despite glyphosate being banned for organic certification; no federal contaminant limits exist for coffee; category exempt from Prop 65,72% of all coffees (41/57) contained AMPA,72%,2,TRUE,FALSE,"I don't like to trust NGOs, but we'll include at a low rank due to the thoroughness of their lab",
,Chemical,https://www.researchgate.net/publication/354518939_Microplastics_through_the_Lens_of_Colloid_Science,Microplastics through the Lens of Colloid Science,2022,Academic/Peer-reviewed,"Theoretical framework treating microplastics as colloids, predicting surface-to-volume scaling would cause divergent behavior",Estimates ~10¹³ m² of potential debris surface added annually. Brownian motion dominates at nanoscale (not buoyancy). DLVO theory only approximately describes behavior. Surface chemistry is dynamic (weathering changes wettability). 5x increase in microplastic surface area by ~2037 under BAU,400%,4,TRUE,TRUE,So here's part of mechanism behind our ocean nanoplastic study - but crucially this isn't just confirmation.  This tells us that the ocean microplastics study was a 'snapshot' in time...and that we should expect the rate of increase to be going exponential from whatever our actual counts where.  We get the curve from this study...something like 5x worse in just 15 years,Nanoplastic concentrations across the North Atlantic 
,Chemical,https://doi.org/10.3389/fsci.2025.1636665,"Plastic pollution under the influence of climate change: implications for the abundance,distribution, and hazards in terrestrial and aquatic ecosystems",2025,Academic/Peer-reviewed,10°C temperature rise doubles plastic degradation rates. Humidity and UV further accelerate. Extreme events mobilize reservoirs: beach sediment increased 40-fold after typhoon; Bangladesh saw >40x plastic mobilization during floods. Sea ice melt releases historic microplastic sink. ,"I'm going to estimate 75%, as we have problems long before 10C",75%,4,TRUE,TRUE,So we have (plastic production rate) + (fragmentation rate) + (now add acceleration due to climate forcing)....that's hyperbolic growth from just plastics,
,Chemical,https://doi.org/10.1038/s41467-025-65746-4,Unravelling the magnitude and drivers of PFAS trophic magnification: a meta-analysis,2025,Academic/Peer-reviewed,"PFAS trophic magnification factors across 119 food webs, finding concentrations double per trophic level and that industrial replacement chemical F-53B has higher bioaccumulation than regulated PFOS it replaced",F-53B (PFOS replacement) TMF = 3.07 vs PFOS TMF = 3.02 - replacement is MORE bioaccumulative,2%,2,TRUE,FALSE,We replace a chemical with...a replacement that is demonstratably worse?,
,Health,https://www.sciencedirect.com/science/article/pii/S030438942502045X?via%3Dihub,"Small Particles, Big Problems: Polystyrene nanoparticles induce DNA damage, oxidative stress, migration, and mitogenic pathways predominantly in non-malignant lung cells",2025,Academic/Peer-reviewed,"polystyrene nanoparticles (PS-NPs) preferentially damage non-malignant lung cells over cancer cells—higher uptake, impaired DNA repair, oxidative stress, and activation of oncogenic pathways (AKT, ERK, EGFR, VEGFR2) specifically in healthy tissue",,,2,TRUE,FALSE,"Microplastics may not contribute to lung cancer!...but that's because those cells are already metabolically stressed, and mps do that to healthy cell instead",Plastic induced urinary tract disease and dysfunction: a scoping review
,Health,https://www.nature.com/articles/s41370-024-00709-3,Plastic induced urinary tract disease and dysfunction: a scoping review,2024,Academic/Peer-reviewed,Scoping review finding microplastics in 54-70% of human urinary tract samples with cytotoxicity comparable to chemotherapy agents,WHO predicted essentially null risk. Actual: cytotoxicity at real-world exposure levels affecting majority of sampled humans. If framed as detection-rate discrepancy: WHO implied ~0% population-level tissue presence warranting concern; actual detection 54-70%,54%,3,TRUE,FALSE,"WHO is clearly wrong, but look at the DNA damage.  Same thing we saw in the lung cancer","Small Particles, Big Problems: Polystyrene nanoparticles induce DNA damage, oxidative stress, migration, and mitogenic pathways predominantly in non-malignant lung cells"
,Health,https://doi.org/10.1152/japplphysiol.00738.2021,"Evaluating the 35C wet-bulb temperature adaptability threshold for young, healthy subjects (PSU HEAT Project)",2022,Academic/Peer-reviewed,empirical test of 35°C wet-bulb survivability threshold finds uncompensable heat stress occurs at 30-31°C (humid) and 25-28°C (hot-dry) in young healthy adults at minimal activity,Supposed safety margin of ~4°C (from 31 to 35) is actually zero.  13% lower humid threshhold,13%,4,TRUE,TRUE,"Part 2 of our wet bulb nightmare that I didn't even mention in synthesis.  But if enthalpy is a better measurement, here is the capacity it's matched against.  A full 5C lower than we thought",
,Health,https://doi.org/10.1289/EHP16726,In utero per – and polyfluoroalkyl substances (PFAS) exposure and changes in infant T helper cell development among UPSIDE-ECHO cohort participant,2025,Academic/Peer-reviewed,"Prospective cohort study (n=200) demonstrating in utero PFAS exposure alters infant CD4+ T-cell subpopulation development through 12 months, with effects strengthening over time.",,,2,TRUE,FALSE,"PFOS/PFAS exposure changes infant immune systems.  Inflammation then, and development.  Just connecting our pieces",
,Health,https://doi.org/10.1148/radiol.250331,Association between Long-term Exposure to Ambient Air Pollution and Myocardial Fibrosis Assessed with Cardiac MRI,2025,Academic/Peer-reviewed,"Toronto cardiac MRI study demonstrating linear relationship between PM2.5 exposure and myocardial fibrosis with no safe threshold, effects observed in 97% of cohort below Canadian air quality standards","regulatory standards (WHO 5 μg/m³, Canada 8.8 μg/m³, US 12 μg/m³) imply harm thresholds exist.  0 is reality",100%,3,TRUE,FALSE,"There is no safe level of PM2.5 exposure, and yet we hear year after year about clean air...",
,Health,https://doi.org/10.1016/j.diabet.2025.101665,The association of sweetened beverage intake with risk of type 2 diabetes in an Australian population: A longitudinal study,2025,Academic/Peer-reviewed,"Australian longitudinal study (n=36,608, 13.9yr follow-up) finding artificially sweetened beverages associated with 38% increased T2DM risk independent of obesity, while sugar-sweetened beverage association disappeared after BMI adjustment","ASB 38% increased risk, independent of the obesity pathway SSBs operate through",38%,2,TRUE,FALSE,"So we roll out a 'modern miracle invention', to try to stop diabetes/obesity, and it turns out they patently do neither, and in fact CAUSE both.  At potentially WORSE rates.  We lied or didn't both to figure out this end point,",
,Health,https://doi.org/10.1371/journal.pclm.0000618,Cumulative exposure to urban heat can affect the learning capacity of students and penalize the vulnerable and low-income young population: A systematic review,2025,Academic/Peer-reviewed,1°F increase over school year = 1% decrease in annual learning gains.  Heat impact 3x worse for Black/Hispanic vs White students; 3x worse for low-income vs high-income globally,Chronic effects with 3x inequality multiplier and permanent human capital loss.,,2,TRUE,FALSE,"It's not just that plastics, and the misinformation, and the less nutritious food, and the covid, it's also just the heat.  And it's going to hit the cities so hard thinking becomes fraught",
,Health,https://doi.org/10.1016/j.ijheh.2025.114613,The effects of parental occupational exposures on autism spectrum disorder severity and skills in cognitive and adaptive domains in children withnautism spectrum disorder,2025,Academic/Peer-reviewed,parental occupational plastics/polymer exposure associated with ~1 SD deficits across all cognitive domains in ASD children; paternal exposure pathway significant,"Plastics/polymers: deficits across ALL 4 MSEL cognitive subscales (expressive language -1.35 SD, receptive -1.19 SD, visual reception -1.17 SD, fine motor -0.99 SD), 3/4 VABS adaptive subscales, plus increased stereotypy, social withdrawal, hyperactivity. Paternal exposure as significant as maternal",,4,TRUE,TRUE,"plastic exposures can cause autism.  This is terrible news and explains both the rise in autism we're seeing in some fashion, as well as how much worse things will get when we see our hyperbolic plastic growth papers",
,Health,https://eartharxiv.org/repository/view/8187/,Growing wildfire-derived PM2.5 across the contiguous U.S. and implications for air quality regulation,2024,Academic/Peer-reviewed,"population-weighted wildfire smoke PM2.5 exposure in 2023 was 6.7x the 2006-2019 baseline, with all 10 worst exposure days occurring 2020-2023. Smoke now pushing 34% of monitoring stations above updated EPA standards",Smoke season now 2x longer,570%,3,FALSE,TRUE,"So we know EPA standards are wrong (no safe pm2.5), but even by their standards, the situation is degrading rapidly.  ",
,Health,doi:10.1001/jamahealthforum.2025.1118,"Excess US Deaths Before, During, and After the COVID-19 Pandemic",2025,Academic/Peer-reviewed,"excess US deaths relative to 21 peer HICs from 1980-2023, finding 14.7 million cumulative excess deaths with 705,331 in 2023 alone; 46% of under-65 deaths classified as ""excess""",25-44 age group mortality 2.6x peer nations,160%,3,TRUE,TRUE,"We've had millenials dying before the COVID pandemic, and after too.  In fact, they decreased during COVID.  There's an entire constellation of problems as part of a ""US problem"" that hasn't been identified for decades",
,Health,https://www.thelancet.com/journals/laneur/article/PIIS1474-4422(24)00087-5/abstract,Climate change and disorders of the nervous system,2024,Academic/Peer-reviewed,"2003 European heatwave: 23.2% of excess deaths (3,377/14,539) were neurological/psychiatric in France, MS symptom worsening) triggers at just 0.5°C core temperature elevation, 12% dementia hospitalization increase per 1.5°C summer mean increase ",Effects occur at deviations from local norms not absolute thresholds,12%,2,TRUE,FALSE,"Lots we can pull from this, I'm focused on the dementia purely as an example that one stressor worsens another, in a predictable fashion, in local conditions.  We don't need absolute threshholds, regional ones work great too",
,Health,https://doi.org/10.1038/s41586-025-09482-1,Long-range PM2.5 pollution and health impacts from the 2023 Canadian wildfires,2025,Academic/Peer-reviewed,"PM2.5 pollution and health impacts from 2023 Canadian wildfires, including trans-Atlantic transport causing 22,400 deaths in Europe","82,100 chronic deaths globally from single wildfire season. 7x 40-year mean burned area (15M ha vs ~2.1M ha average). Trans-Atlantic smoke killed 22,400 in Europe. US PM2.5 contribution from Canadian fires: 0.26 μg/m³ (2017) → 0.55 (2021) → 1.49 (2023). Emissions 4.9-10.7x 2003-2022 average",390%,3,TRUE,TRUE,"Focusing here on the PM increase, which is comparable or greater than the burnt area increase.  These giant wild fires become population drains thousands of KMs away",
,Health,https://doi.org/10.1177/00333549231163551,"The Prevalence and Characteristics of Children With Profound Autism, 15 Sites, United States, 2000-2016",2023,Academic/Peer-reviewed,"profound autism"" (nonverbal/minimally verbal OR IQ<50) prevalence 2000-2016, finding 71% increase in cases that couldn't have been missed historically","Profound autism increased from 1 in 373 to 1 in 218 (2.68 to 4.59 per 1000). 27% of autism cases meet profound criteria. Higher rates in Black (PR=1.76), Hispanic (PR=1.50), female (PR=1.25) populations. 79.4% have adaptive scores ≤70, 31% have seizures.",71%,3,TRUE,TRUE,"This study is so important.  Profound autism nearly doubles, and in just a few decades, and yet the lead is...nonprofound autism increased even more, so clearly most of autism is diagnosis!  Sure, but...profound autism doubled?  That's...gigantic.  Why?  What's going on?  This is a cohort we can't explain away, that wasn't getting missed, and its swelling rapidly?  Framing matters so much, and look, even the authors want to downplay a huge problem that is growing ",
,Health,https://doi.org/10.1007/s10803-022-05517-y,Autism Spectrum Disorder and Gender Dysphoria/Incongruence. A systematic Literature Review and Meta-Analysis,2023,Academic/Peer-reviewed,"estimate 11% ASD diagnoses (vs 1% baseline), effect size g=0.67 for elevated ASD traits. High heterogeneity (I²>96%) but link established as statistically robust.",,91%,3,TRUE,FALSE,"I know it's hard to treat our bodies, minds and identities as machines, but that doesn't change reality.  And here is some reality - neurodevelopment changes can effect long term behavior.  Autism, sexual dimorphism, cognitive functioning can all influence each other and chemical exposures can effect THOSE",
,Health,https://doi.org/10.1016/S1473-3099(25)00476-1,Long COVID associated with SARS-CoV-2 reinfection among children and adolescents in the omicron era (RECOVER-EHR): a retrospective cohort study,2023,Academic/Peer-reviewed,"EHR study (n=465,717) showing 2.08x increased Long COVID risk after SARS-CoV-2 reinfection in children/adolescents during Omicron ",Each reinfection ups the chance of damage,108%,3,TRUE,FALSE,"A prediction for you, ever 2 or 3 years we'll get a study saying 'it's been x years since 2020, and people still have long covid only it's worse.'  We'll do this forever, rather than say 'damage never goes away and has no ceiling'.  We can only look back, not forward",
,Health,https://doi.org/10.1016/j.jpsychires.2025.05.035,Impulsivity and problematic social network sites use: A meta-analysis,2025,Academic/Peer-reviewed,"Meta-analysis of 41 studies (N=33,471) finding impulsivity correlates with problematic social network use at r=0.28 (medium effect), with lack of perseverance and motor impulsivity showing strongest associations. Sensation seeking shows no relationship.",Public discourse treats social media as major driver of mental health crisis. Research shows small effects explaining 5-8% of variance. Research enterprise itself may represent misallocation,,2,FALSE,FALSE,"So is social media effect small or big?  If it's small and across the system, does that drag matter, or are we misattributing to facebook when we should be blaming our senators?  If social media effect is large, is this meta analysis wrong?  And why aren't we controlling them more?  Notice our framework is fine either way.  Small systemic drags are our thing, but so is maladaption in the form of doubling down, blaming the wrong thing, and not assessing what we know to find out if it's true or not.  BTW impulsivity and populism are good friends.  This might be a 'better/slower' entry!",
,Health,https://doi.org/10.1186/s12951-025-03747-7,"Plastic tableware use, microplastic accumulation, and sperm quality: from epidemiological evidence to FOXA1/p38 mechanistic insights",2025,Academic/Peer-reviewed,"55.5% detection rate of MPs in semen (n=200), PS and PVC each >30% of detected MPs, Daily plastic tableware users: significantly elevated MPs (dose-response confirmed)",Sperm decline rate: (2.64%,164%,3,TRUE,TRUE,We had a prediction on plastics as a cause of fertility didn't we?,
,Health,https://doi.org/10.1002/hec.70041,"Hope and the Life Course: Results From a Longitudinal Study of 25,000 Adults",2025,Academic/Peer-reviewed,"Longitudinal study (n=25,000, 14 years) quantifying hope as psychological buffer; documents selection and perception mechanisms that may help explain institutional conservative drift","High-hope individuals experience ~46% less life satisfaction impact from negative events. Internal LOC reduces ""money lost"" impact by 65% (-0.302 → -0.107). 1.5% selection bias per wave—hopeful people more likely to remain in studies.  Impact perception gap of 46% suggests hopeful researchers may genuinely experience negative data as less severe.",,2,FALSE,FALSE,"Could hope be protective on the individual level, but cause the systemic bias we see?  Could we be down selecting fat tail outcomes *that* strongly?",
,Health,https://www.nature.com/articles/s42003-025-08865-4,Exposure of mice to environmentally relevant per- and polyfluoroalkyl substances (PFAS) alters the sperm epigenome,2025,Academic/Peer-reviewed,"Low-dose (environmental) PFAS reduced testosterone, DHT, and daily sperm production; high-dose did NOT (non-monotonic response)","Standard toxicological models assume monotonic dose-response (more exposure = more harm) and require demonstrable DNA damage or cytotoxicity for concern. This shows: (1) low doses cause effects high doses don't, (2) epigenetic transmission occurs without DNA damage, (3) ""safe"" dose assumptions may miss critical windows of effect",,2,FALSE,FALSE,"This low dose thing calls to me - is that the sign of exposure from microplastics source, rather than raw chemicals?  Maybe it's not the pfas so much as the unassessed plastic exposure?",
,Health,doi:10.1212/WNL.0000000000214226,Rising Cognitive Disability as a Public Health Concern Among US Adults,2025,Academic/Peer-reviewed,"BRFSS analysis (2013-2023) finding self-reported cognitive disability nearly doubled in 18-39 year olds while declining slightly in 70+, increase beginning 2016","Sign error on elderly.  Should be on youth too, given we'd expect increase right?",90%,3,TRUE,TRUE,"So remove depression, and the elderly are getting a bit sharper while the young are getting...worse.  That's exactly what we're looking for isn't it?  Human systems that should be getting better are degrading, while medicine and older, less exposed cohorts (at least during development) are doing better still.  What a signal this is",
,Health,https://link.springer.com/article/10.1007/s11010-025-05428-3,Do microplastics play a role in the pathogenesis of neurodegenerative diseases? Shared pathophysiological pathways for Alzheimer’s and Parkinson’s disease,2025,Academic/Peer-reviewed,review linking microplastic exposure to Alzheimer's and Parkinson's pathogenesis via 6 shared mechanistic pathways;,Timeline compression,60%,3,TRUE,TRUE,Parkinson's is the most unexplored bit here,
,Health,doi:10.1111/jcpp.70081,Ambient heat and early childhood development: a cross-national analysis,2025,Academic/Peer-reviewed,"(n=19,607, 6 countries) finding children exposed to avg max temps >32°C show reduced developmental milestones, with compound vulnerability effects: urban children see 21.9-26.6 pp reductions, children without water/sanitation up to 13.9 pp reductions.",Prior acute-effect studies showed ~10% cognitive decrement from heat. This shows 20+ percentage point developmental delays when vulnerabilities compound.,100%,3,TRUE,TRUE,"Excess heat is a pollutant, and we should be measuring its combination with everything else.  But look, during development means even if later heat is controlled, we've got long term effects in place.  Here's more proof for our downward cognitive spiral",
,Health,https://doi.org/10.1016/j.ijid.2025.108287,Persistent Attenuation of Lymphocyte Subsets After Mass SARS-CoV-2 Infection,2025,Academic/Peer-reviewed,"Chinese multicenter study (n=40,537) documenting persistent lymphocyte suppression 20+ months post-COVID, with catastrophic 72.9% T-cell reduction in cardiovascular disease patients","CD8+ T cells 9.9% below baseline at 20 months (general population), CVD patients: T cells 72.9% below baseline, CD4+ 74.1% reduction, CD8+ 68.6% reduction, NK cells 46.3% reduction, no return to baseline at 20 months",10%,4,TRUE,TRUE,"We don't recover to baseline from covid.  Reinfections take a toll on the whole of us, whether each infection does so.  We have a capacity being actively drained STILL by this disease",
,Health,https://doi.org/10.1186/s40779-025-00670-8,Diverging global incidence trends of early-onset cancers: comparisons with incidence trends of later-onset cancers and mortality trends of early-onset cancers,2025,Academic/Peer-reviewed,"44 countries showing early-onset cancer (ages 20-49) incidence rising significantly faster than later-onset (50+), with concurrent mortality increases for colorectal and uterine cancers. Strong obesity correlation across 7 cancer types in multiple developed nations.",Later-onset colorectal declining 0.1-0.2%/year while early-onset rising 2.0-2.4%/year.   Just 10 years and we've got a substantial amount of cancer in youth that no one expected,40%,3,TRUE,TRUE,"Is it just westernization of diets?  I don't think so.  I think its westernization of everything.  Exposures definitely, but of a varied and wider amount that anyone assess, thus it's so hard to pin down what causes what",
,Governments & Nations,https://quincyinst.org/research/profits-of-war-top-beneficiaries-of-pentagon-spending-2020-2024/,"Profits of War: Top Beneficiaries of Pentagon Spending, 2020 – 20",2025,NGO,"No reduction in 54% spending to NGO/contractors, even though wars have come and gone?  $2.4T to contractors (54% of budget), $771B to top 5 firms, versus $356B total for diplomacy/development/humanitarian aid","Afghanistan withdrawal (September 2021): ""did not result in a peace dividend. Instead, President Biden requested, and Congress authorized, even higher annual budgets"".  -3.6B from WFP and +218B for Pentagon in last year",5900%,4,TRUE,FALSE,"Pentagon itself has repeatedly identified food insecurity and climate stress as ""threat multipliers.""  So the pentagon is telling us this scenario is a sign error movement.  I think security is bullshit, and resource aquisition is the proven point here.  Let's cause instability, to justify...spending more?",https://thehill.com/policy/energy-environment/220575-pentagon-unveils-plan-to-fight-climate-change/
,Governments & Nations,https://www.migrationpolicy.org/content/immigrants-and-crime,Explainer: Immigrants and Crime in the United States,2024,Academic/Peer-reviewed,"Report on study since 1870, criminal immigrants","Immigrants consistently commit 1/2 the crimes they should.  Meaning we think there are 2x more criminals amongst them, than there are",100%,2,FALSE,FALSE,So immigrants commit less crimes than US citizens.  We all know that.  But for 150 years?  Pretty good!,
,Governments & Nations,https://www.ohchr.org/en/documents/country-reports/intensification-criminal-violence-lower-artibonite-centre-department-and,"Intensification of criminal violence in Lower Artibonite, the Centre Department and regions located east of the metropolitan area of Port-au-Prince",2025,Government,"The MSS needed approximately $600 million annually. As of May 2025, only $110.9 million—primarily from Canada—was in the Haiti MSS Trust Fund. As of June 2025, 991 personnel were deployed—mostly Kenyans plus 150 Guatemalans, 78 Salvadorans, 23 Jamaicans, six Bahamians and two Belizeans.  Original target was 2500, now 5500",,80%,3,TRUE,TRUE,"Multi-phase collapse in Haiti and interventions are failing.  Even if it stabilizes for a bit, this will keep falling in just a few months more.  And the UN KNOWS, we all know, but no one is intervening beyond Canada and Kenya",
,Governments & Nations,https://www.nytimes.com/2025/07/18/climate/epa-firings-scientific-research.html,EPA to disarm research arm,2025,Government,"otal staffing at EPA will go down to 12,448, a reduction of more than 3,700 employees, or nearly 23%, from staffing levels in January","changes will save the EPA nearly $750 million.  Federal outlays in 2025 grew by 275 billion.  Not rating this, but still...huge",,4,TRUE,TRUE,We were ahead of the curve again (predictions),
,Governments & Nations,https://www.climatecouncil.org.au/resources/state-of-climate-report-what-it-says-for-aussies/,The State of the Climate report: what it says for Aussies,2025,Government,Before 2000: Extreme weather events cost approximately $1 billion per year (adjusted to 2022 dollars).  Last 4 year average 4.5 billion per year,,350%,3,TRUE,TRUE,What's missing from everyone's equations - other nations are going through the exact same thing.  Any contribution or cooperation you're hoping on is being taxed unilaterally,
,Governments & Nations,https://doi.org/10.1111/jasp.70002,"The Interplay Between Economic Hardship, Anomie, and Conspiracy Beliefs in Shaping Anti‐Immigrant Sentiment ",2025,Academic/Peer-reviewed,"Six studies (n=3,643) establishing serial mediation: economic hardship → anomie → conspiracy beliefs → anti-immigrant violence. UK/Ireland samples.  Anomie is the ONLY variable consistently predicted by all hardship measures. Conspiracy beliefs act as ""accelerant"" not gateway. Effect holds across self-report, postcode deprivation data, AND experimental manipulation. Study 4: low wealth + conspiracy exposure = significantly higher violent intentions (b=0.50, p=0.002). ",Reform UK at 2x historical support in 2025,100%,4,TRUE,TRUE,"The feeling that things are getting worse is a driver in and of itself, anomie > populism > easy interventions.  The fact that populists are winning all over may have a single cause - and it's the feeling of societal collapse",
,Governments & Nations,https://www.cnn.com/2025/08/15/climate/global-plastics-treaty-pollution-failure-un,Global plastic treaty talks end in failure as countries remain bitterly divided over how to tackle the crisis,2025,Government,This came out AFTER our ocean nanoplastic study btw,"7 nations stopped this, vs 100 for it",93%,2,TRUE,FALSE,,
,Governments & Nations,https://www.google.com/url?sa=t&source=web&rct=j&opi=89978449&url=https://www.energy.gov/sites/default/files/2025-07/DOE%2520Final%2520EO%2520Report%2520%2528FINAL%2520JULY%25207%2529.pdf&ved=2ahUKEwjAtaL0n_2RAxU3IDQIHZOBOu0QFnoECBgQAQ&usg=AOvVaw121e96_RtQDTFsoyEnOB0i,Evaluating the Reliability and Security of the United States Electric Grid,2025,Government,"DOE Resource Adequacy Report projecting 100x increase in grid failure hours by 2030, driven by firm generation retirements outpacing dispatchable replacement. First federal acknowledgment of structural reliability collapse under current trajectory.","Loss of Load Hours projected 8.1 → 817 hours/year (100x) with announced retirements.  Even WITHOUT retirements: 34x increase (8.1 → 269.9 hours).  Trump has said no closures, so lets go with that.  Could use much larger numbers here, but I'm really interested in that load shedding number.  That's people who freeze or bake",43%,4,TRUE,TRUE,"They are telling us the infrastructure will fail, and in the short term. Grid ""Loss of Load Hours"" is a mortality metric disguised as engineering jargon",
,Governments & Nations,https://p.dw.com/p/50m77,"Germany slashes aid, development budget",2025,Government,Germany cuts its aid budget same time as US,,55%,4,TRUE,TRUE,"I'm not anti-american.  Other nations are just a culpable.  Here is Germany join the bandwagon, likely because it was less politically costly to do so 'after'.  Regardless, they know hunger is rising and yet their budget is set to shrink for at least the next 3 years.  By >50%",
,Governments & Nations,https://www.imf.org/en/publications/gfsr,Global Financial Stability Report,2025,Government,"IMF explicitly identifies compound risk modeling across domains as institutional ""blind spot"" in academic literature","forced US Treasury liquidations by bond mutual funds could reach $300 billion under severe stress.  previous ""severe"" scenarios were actually moderate; true 99th percentile scenarios weren't being run or disclosed",40%,4,TRUE,TRUE,"Hey look, the IMF is saying we're right.  If the IMF—with hundreds of PhD economists and comprehensive data access—cannot model compound risks, no institution can. This means all ""stress tests"" and ""scenario analyses"" systematically understate tail risks",
,Governments & Nations,https://ourworldindata.org/grapher/projections-extreme-poverty-wb,World in Data projection on rising poverty,2025,Government,Poverty to finally begin growing again in 2030?,Then how do they explain hunger rise since 2020?,25%,2,TRUE,FALSE,"I like this, because the world is now in the midst of the largest hunger crisis worldwide in...modern history.  But poverty is still falling huh?  Maybe their metrics suck",
,Governments & Nations,https://www.google.com/url?sa=t&source=web&rct=j&opi=89978449&url=https://www.dni.gov/files/documents/Global%2520Trends_2025%2520Report.pdf&ved=2ahUKEwjrz82SqP2RAxV9yOYEHWxbEB0QFnoECBAQAQ&usg=AOvVaw12p3PFXjutxUtYgU8w_pFt,Global Trends 2025,2025,Government,"Scenario describes disease emerging from ""area marked by high population density and close association between humans and animals, such as many areas of China and Southeast Asia."" Predicts ""weeks might pass before definitive laboratory results could be obtained.""","Lots to go over, but I chose COVID.  Of note, clean energies are doing better than they expected on a cost basis, but still not 'bending the curve' as they predicted",90%,2,TRUE,TRUE,2C is unamangeable here.  God I like that - look how much the overton window has shifted.  What if THEY (not us) are right?,
,Governments & Nations,https://unctad.org/system/files/official-document/tdb72_d3_en.pdf,Developments in the economy of the Occupied Palestinian Territory,2025,Government,"UNCTAD (Sept 2025): $53.2 billion, World Bank addendum: $67 billion, UN/UNDP (Oct 2025): $70 billion","Funding gap is currently 100%.  As is, support for food isn't even appearing",100%,2,TRUE,TRUE,Just showing this numbers to demonstrate how utterly impossible the task is.  There are myths vs possibilities,
,Governments & Nations,https://www.google.com/url?sa=t&source=web&rct=j&opi=89978449&url=https://www.whitehouse.gov/wp-content/uploads/2025/12/2025-National-Security-Strategy.pdf&ved=2ahUKEwipmPS7rP2RAxW8GTQIHaVoE1MQFnoECAwQAQ&usg=AOvVaw3AlSfUm9xULjXJqR270ft2,National Security Strategy of the United States Nov 2025,2025,Government,"Climate not strategically relevant, zero assessment needed. Empirical 2025 data: 23 billion-dollar disasters, $115 billion damages, 276 fatalities, disaster every 10 days Time",2025 to 1980s baseline: $115B vs $22B,423%,4,TRUE,TRUE,"We said they'd double down on old behaviors, and here comes the Monroe Doctrine!",
,,,,,,,,,,FALSE,FALSE,,
,,,,,,,,,,FALSE,FALSE,,
,,,,,,,,,,FALSE,FALSE,,
,,,,,,,,Avg,,,,,
,,,,,,,,355.34%,,,,,
,,,,,,,,Median,,,,,
,,,,,,,,86%,,,,,